title,year,watched_date,star_rating,liked,rewatch,tmdb_id,slug,url
Best of the Best,2026,2026-09-25,2.5,False,False,1514863,best-of-the-best-2026,https://letterboxd.com/film/best-of-the-best-2026/
Eyes Wide Shut,1999,2026-09-12,5.0,False,False,345,eyes-wide-shut,https://letterboxd.com/film/eyes-wide-shut/
"Lock, Stock and Two Smoking Barrels",1998,2026-09-11,4.5,False,False,100,lock-stock-and-two-smoking-barrels,https://letterboxd.com/film/lock-stock-and-two-smoking-barrels/
Vishwanath & Sons,2026,2026-09-11,2.5,False,False,1408162,vishwanath-sons,https://letterboxd.com/film/vishwanath-sons/
The Housemaid,2025,2026-09-08,3.0,False,False,1368166,the-housemaid-2025,https://letterboxd.com/film/the-housemaid-2025/
Peddi,2026,2026-09-03,1.0,False,False,1057265,peddi,https://letterboxd.com/film/peddi/
Haider,2014,2026-09-03,4.0,False,False,280795,haider,https://letterboxd.com/film/haider/
"Our Hero, Balthazar",2025,2026-09-02,4.5,False,False,1465557,our-hero-balthazar,https://letterboxd.com/film/our-hero-balthazar/
Primal Fear,1996,2026-08-30,4.0,False,False,1592,primal-fear,https://letterboxd.com/film/primal-fear/
The Killer,2023,2026-08-29,2.5,False,False,800158,the-killer-2023,https://letterboxd.com/film/the-killer-2023/
Fracture,2007,2026-08-29,3.0,False,False,6145,fracture,https://letterboxd.com/film/fracture/
Michael,2026,2026-08-22,2.0,False,False,936075,michael-2026,https://letterboxd.com/film/michael-2026/
Eternity,2025,2026-08-22,3.0,False,False,1259102,eternity-2025-1,https://letterboxd.com/film/eternity-2025-1/
Spider-Man: Brand New Day,2026,2026-08-05,4.0,False,False,969681,spider-man-brand-new-day,https://letterboxd.com/film/spider-man-brand-new-day/
The Super Mario Galaxy Movie,2026,2026-08-02,1.5,False,False,1226863,the-super-mario-galaxy-movie,https://letterboxd.com/film/the-super-mario-galaxy-movie/
Avatar Aang: The Last Airbender,2026,2026-08-01,,False,False,980431,avatar-aang-the-last-airbender,https://letterboxd.com/film/avatar-aang-the-last-airbender/
The Odyssey,2026,2026-07-30,5.0,False,False,1368337,the-odyssey-2026,https://letterboxd.com/film/the-odyssey-2026/
Ready or Not 2: Here I Come,2026,2026-07-29,4.0,False,False,1266127,ready-or-not-2-here-i-come,https://letterboxd.com/film/ready-or-not-2-here-i-come/
The Running Man,2025,2026-07-26,3.0,False,False,798645,the-running-man-2025,https://letterboxd.com/film/the-running-man-2025/
Masters of the Universe,2026,2026-07-26,3.5,False,False,454639,masters-of-the-universe-2026,https://letterboxd.com/film/masters-of-the-universe-2026/
The Long Walk,2025,2026-07-16,4.0,False,False,604079,the-long-walk-2025,https://letterboxd.com/film/the-long-walk-2025/
Minions & Monsters,2026,2026-07-12,3.5,False,False,1315772,minions-monsters-2026,https://letterboxd.com/film/minions-monsters-2026/
No Other Choice,2025,2026-06-28,4.0,False,False,639988,no-other-choice-2025,https://letterboxd.com/film/no-other-choice-2025/
The Sheep Detectives,2026,2026-06-27,4.0,False,False,1301421,the-sheep-detectives,https://letterboxd.com/film/the-sheep-detectives/
How to Make a Killing,2026,2026-06-21,3.5,False,False,467905,how-to-make-a-killing-2026,https://letterboxd.com/film/how-to-make-a-killing-2026/
The Drama,2026,2026-06-17,3.5,False,False,1325734,the-drama,https://letterboxd.com/film/the-drama/
Hoppers,2026,2026-06-15,4.0,False,False,1327819,hoppers,https://letterboxd.com/film/hoppers/
Blue Velvet,1986,2026-06-12,5.0,False,False,793,blue-velvet,https://letterboxd.com/film/blue-velvet/
Pokiri,2006,2026-06-01,5.0,False,False,23381,pokiri,https://letterboxd.com/film/pokiri/
Backrooms,2026,2026-05-30,2.0,False,False,1083381,backrooms-2026,https://letterboxd.com/film/backrooms-2026/
GOAT,2026,2026-05-29,3.0,False,False,1297842,goat-2026,https://letterboxd.com/film/goat-2026/
X-Men: First Class,2011,2026-05-26,3.5,False,False,49538,x-men-first-class,https://letterboxd.com/film/x-men-first-class/
Blockers,2018,2026-05-26,2.5,False,False,437557,blockers,https://letterboxd.com/film/blockers/
Obsession,2025,2026-05-23,5.0,False,False,1339713,obsession-2025,https://letterboxd.com/film/obsession-2025/
Molly's Game,2017,2026-05-22,4.0,False,False,396371,mollys-game,https://letterboxd.com/film/mollys-game/
Children of Men,2006,2026-05-22,4.0,False,False,9693,children-of-men,https://letterboxd.com/film/children-of-men/
Baywatch,2017,2026-05-20,0.5,False,False,339846,baywatch,https://letterboxd.com/film/baywatch/
Persona,1966,2026-05-16,4.0,False,False,797,persona,https://letterboxd.com/film/persona/
Split,2016,2026-05-12,3.0,False,False,381288,split-2016,https://letterboxd.com/film/split-2016/
Blade Runner,1982,2026-05-12,3.5,False,False,78,blade-runner,https://letterboxd.com/film/blade-runner/
Send Help,2026,2026-05-11,3.5,False,False,1198994,send-help,https://letterboxd.com/film/send-help/
Se7en,1995,2026-05-08,5.0,False,True,807,se7en,https://letterboxd.com/film/se7en/
White Chicks,2004,2026-05-08,5.0,False,False,12153,white-chicks,https://letterboxd.com/film/white-chicks/
The Hunger Games: The Ballad of Songbirds & Snakes,2023,2026-05-08,3.0,False,False,695721,the-hunger-games-the-ballad-of-songbirds-snakes,https://letterboxd.com/film/the-hunger-games-the-ballad-of-songbirds-snakes/
Waves,2019,2026-05-06,4.0,False,False,533444,waves-2019,https://letterboxd.com/film/waves-2019/
The Devil Wears Prada 2,2026,2026-05-02,5.0,False,False,1314481,the-devil-wears-prada-2,https://letterboxd.com/film/the-devil-wears-prada-2/
Until Dawn,2025,2026-04-28,1.5,False,False,1232546,until-dawn-2025,https://letterboxd.com/film/until-dawn-2025/
One of Them Days,2025,2026-04-28,2.5,False,False,1280672,one-of-them-days,https://letterboxd.com/film/one-of-them-days/
How to Lose a Guy in 10 Days,2003,2026-04-28,2.5,False,False,9919,how-to-lose-a-guy-in-10-days,https://letterboxd.com/film/how-to-lose-a-guy-in-10-days/
The Devil Wears Prada,2006,2026-04-21,5.0,False,True,350,the-devil-wears-prada,https://letterboxd.com/film/the-devil-wears-prada/
